link,pdf_link,title,doi
https://www.sciencedirect.com/science/article/pii/S235271102400400X,https://www.sciencedirect.com/science/article/pii/S235271102400400X/pdfft?md5=d9388817f46d56c1b3784312eab9d244&pid=1-s2.0-S235271102400400X-main.pdf,LLM based QA chatbot builder: A generative AI-based chatbot builder for question answering,https://doi.org/10.1016/j.softx.2024.102029
https://www.sciencedirect.com/science/article/pii/S1568494625001164,,Path analysis for effective fault localization in deep neural networks,https://doi.org/10.1016/j.asoc.2025.112805
https://www.sciencedirect.com/science/article/pii/S016764232500005X,,Filling query-type text inputs for Android applications via inner-app mining and GPT recommendation,https://doi.org/10.1016/j.scico.2025.103266
https://www.sciencedirect.com/science/article/pii/S2665963824000757,https://www.sciencedirect.com/science/article/pii/S2665963824000757/pdfft?md5=3c9a3983d98fc59aa765e0c83b280c82&pid=1-s2.0-S2665963824000757-main.pdf,BHRAMARI: Bug driven highly reusable automated model for automated test bed generation and integration,https://doi.org/10.1016/j.simpa.2024.100687
https://www.sciencedirect.com/science/article/pii/S0952197624007802,,A neural network transformer model for composite microstructure homogenization,https://doi.org/10.1016/j.engappai.2024.108622
https://www.sciencedirect.com/science/article/pii/S0950584925001387,,A multi-year grey literature review on AI-assisted test automation,https://doi.org/10.1016/j.infsof.2025.107799
https://www.sciencedirect.com/science/article/pii/S0045790625002095,,TraceAwareness and dual-strategy fuzz testing: Enhancing path coverage and crash localization with stochastic science and large language models,https://doi.org/10.1016/j.compeleceng.2025.110266
https://www.sciencedirect.com/science/article/pii/S1546221825004783,,Sensitive Target-Guided Directed Fuzzing for IoT Web Services,https://doi.org/10.32604/cmc.2025.063592
